slide_id,patient_id,label,platinum_status
TCGA-13-0794-01A-01-BS1.a4d22c1b-4dea-4d51-aa75-0507f7126d98,TCGA-13-0794,1,sensitive
TCGA-10-0934-01A-01-TS1.b10fc6a4-5db0-444a-9aee-dfba6b1fdd62,TCGA-10-0934,0,resistant
TCGA-09-1666-01A-01-BS1.da8d3b7c-3945-4281-8907-19a24dd29f68,TCGA-09-1666,1,sensitive
TCGA-13-0758-01A-01-BS1.cbfcbe05-64c9-4ed4-a349-0788bcf843e8,TCGA-13-0758,1,sensitive
TCGA-13-0757-01A-01-BS1.1c65aa00-3fda-465c-9d0d-601b9964b111,TCGA-13-0757,1,sensitive
TCGA-04-1649-01A-01-BS1.159f5035-741e-4b41-b825-dc56a18524cd,TCGA-04-1649,1,sensitive
TCGA-04-1350-01A-01-BS1.5c94303e-4b9a-48d9-8e64-2541eade8a6b,TCGA-04-1350,0,resistant
TCGA-09-1670-01A-01-TS1.e32f1bda-c2b1-4475-a544-b4cc03320371,TCGA-09-1670,1,sensitive
TCGA-04-1369-01A-02-BS2.707c075d-19d8-487d-8b7c-744613c39cd9,TCGA-04-1369,1,sensitive
TCGA-13-0717-01A-01-TS1.d3d0d0ea-ab0f-411b-a9ac-46429b595603,TCGA-13-0717,1,sensitive
TCGA-04-1516-01A-01-BS1.bfc317cc-577b-454b-bf12-10c87c136b19,TCGA-04-1516,1,sensitive
TCGA-13-0803-01A-01-BS1.163abc06-9d99-440e-92b6-628f60f4aa5e,TCGA-13-0803,1,sensitive
TCGA-04-1648-01A-01-TS1.c9581bd1-0449-4188-b93e-911c77a3f3ea,TCGA-04-1648,1,sensitive
TCGA-09-1674-01A-01-BS1.f3f2ff0f-8c71-4d0c-84d2-744f98232846,TCGA-09-1674,1,sensitive
TCGA-04-1638-01A-01-TS1.a7f3aa80-6c02-473d-b311-fbcbb66161f8,TCGA-04-1638,1,sensitive
TCGA-04-1644-01B-01-BS1.43295052-6629-4f4a-bc05-b282819d6c84,TCGA-04-1644,1,sensitive
TCGA-04-1655-01A-01-BS1.55f36120-46fb-4c88-b137-81798b011a9f,TCGA-04-1655,1,sensitive
TCGA-10-0933-01A-01-BS1.56e3863d-bfc6-4a9c-95e0-e6ee735e134f,TCGA-10-0933,1,sensitive
TCGA-04-1530-01A-01-BS1.8cb941db-9ee8-49cc-b0c2-211af61b347e,TCGA-04-1530,1,sensitive
TCGA-04-1371-01A-01-TS1.c1bfd3e5-ac3a-4b24-9c55-398a1eadc74e,TCGA-04-1371,1,sensitive
TCGA-09-2056-01B-01-TS1.c06a79f0-b3e3-4099-b892-3ac829ebb42d,TCGA-09-2056,1,sensitive
TCGA-13-0910-01A-01-TS1.ac310b47-a869-4725-aacd-60196e947f07,TCGA-13-0910,1,sensitive
TCGA-13-0908-01B-01-TS1.ee2524ac-c719-4a1f-8e39-a71d08e033dc,TCGA-13-0908,1,sensitive
TCGA-09-1667-01C-01-BS1.162cb788-9ff3-4ebb-a5e3-8e476026a4db,TCGA-09-1667,1,sensitive
TCGA-13-0801-01A-01-TS1.069af413-dc3c-4e22-aa53-851bdda172ac,TCGA-13-0801,1,sensitive
TCGA-13-0802-01A-01-TS1.f68ca53f-ee25-4804-be4c-081eee227a92,TCGA-13-0802,1,sensitive
TCGA-13-1404-01A-01-BS1.04e6176f-aca9-4874-b3d5-baecd5fc11e7,TCGA-13-1404,1,sensitive
TCGA-04-1514-01A-01-TS1.0a727057-86e2-47b9-be79-eeec6e07542b,TCGA-04-1514,1,sensitive
TCGA-04-1367-01A-01-TS1.e5135817-cdd6-42ed-903a-b76cf02edcca,TCGA-04-1367,1,sensitive
TCGA-13-0905-01B-01-BS1.bff74514-98ec-4d1e-88af-a00aeabd9686,TCGA-13-0905,1,sensitive
TCGA-09-0364-01A-01-BS1.1546ea7d-1678-4910-a51e-2a1a41a96fc7,TCGA-09-0364,1,sensitive
TCGA-13-0720-01A-01-TS1.c541bfd4-c049-4fad-ae6d-efc62810bd60,TCGA-13-0720,1,sensitive
TCGA-04-1332-01A-01-BS1.0f52bd8b-65e8-4648-b6b8-05ddc60f143a,TCGA-04-1332,1,sensitive
TCGA-04-1346-01A-01-TS1.c0f8cddb-4a99-4d56-a6ab-69f571ac3b30,TCGA-04-1346,1,sensitive
TCGA-13-0762-01A-01-BS1.6f3b37f7-9bef-4866-bb07-dbb60257d37c,TCGA-13-0762,1,sensitive
TCGA-09-0366-01A-01-TS1.8221da81-0e4d-48fd-a814-123e49fdb0b5,TCGA-09-0366,1,sensitive
TCGA-04-1336-01A-01-TS1.28940fae-d407-4772-ac59-1edcdde8669b,TCGA-04-1336,1,sensitive
TCGA-13-1403-01A-01-BS1.ac764ada-e3f7-4b8e-9ba5-6a15e4d53224,TCGA-13-1403,1,sensitive
TCGA-13-0920-01A-01-TS1.865199e6-7b94-40ef-82e8-e65aa9377818,TCGA-13-0920,1,sensitive
TCGA-13-0795-01A-01-TS1.715a85bd-eb61-468f-8e17-dc8088b4af18,TCGA-13-0795,1,sensitive
TCGA-09-2049-01D-01-BS1.0b95b2fc-559a-4eb8-becd-c5affbec4009,TCGA-09-2049,1,sensitive
TCGA-10-0925-01B-01-TS1.99e79d6a-c335-4f6e-97b3-ff91f48dd7be,TCGA-10-0925,1,sensitive
TCGA-10-0927-01A-01-BS1.9a7313d6-6b16-4e4f-b530-2a37dbc98170,TCGA-10-0927,1,sensitive
TCGA-04-1646-01A-01-BS1.6090b105-810a-4a09-b780-765206cf6535,TCGA-04-1646,1,sensitive
TCGA-09-2043-11A-01-BS1.d3230f89-ce50-46ae-b528-16c2d422fdd8,TCGA-09-2043,1,sensitive
TCGA-13-0761-01A-01-TS1.8c70bf6d-48ea-466c-8a47-d0c2c7bc26d0,TCGA-13-0761,1,sensitive
TCGA-13-0755-01A-01-BS1.49bb794c-7825-40f0-89f0-d4a22419e043,TCGA-13-0755,0,resistant
TCGA-13-0906-01A-01-BS1.e8aa0544-cc48-4941-9d7f-bbd41aafaa30,TCGA-13-0906,1,sensitive
TCGA-04-1362-01A-01-BS1.852e1e87-7168-4688-9188-4de1d318423e,TCGA-04-1362,1,sensitive
TCGA-09-1662-01A-01-BS1.47ad6cd0-c2f1-4aae-aa2a-ff9dae3583db,TCGA-09-1662,1,sensitive
TCGA-04-1361-01A-01-TS1.58eecb9c-dfa5-450a-8057-4545340dc5ac,TCGA-04-1361,1,sensitive
TCGA-13-0726-01A-01-TS1.2a8707fc-2d7b-459a-9707-96c5b4e11f43,TCGA-13-0726,1,sensitive
TCGA-13-0886-01A-01-BS1.d21154a8-2994-4f78-b12c-bd53414d2570,TCGA-13-0886,1,sensitive
TCGA-13-0800-01A-01-BS1.9a6d87aa-4ea6-4ae9-a1e4-c64f5e9713bf,TCGA-13-0800,1,sensitive
TCGA-13-0911-01A-01-BS1.fbd48661-17fb-44b5-be12-fe788a09667c,TCGA-13-0911,1,sensitive
TCGA-04-1525-01A-01-TS1.e3de5902-0717-4df2-b703-7dca07011812,TCGA-04-1525,1,sensitive
TCGA-13-0884-01B-01-TS1.4bcf3062-6cc6-4759-9515-4d1674763ca5,TCGA-13-0884,1,sensitive
TCGA-04-1331-01A-01-TS1.76f57a19-5698-4204-bb11-7b6a106d620a,TCGA-04-1331,1,sensitive
TCGA-13-0793-01A-01-TS1.7940619d-5abc-4258-ad64-b28d97447fb2,TCGA-13-0793,1,sensitive
TCGA-10-0938-01A-01-BS1.22a8ea74-7de1-453c-857c-2e7001fa42fe,TCGA-10-0938,1,sensitive
TCGA-13-0792-01A-01-BS1.3635dcf4-9d96-4684-a45f-f3c30e29b443,TCGA-13-0792,1,sensitive
TCGA-13-0887-01A-01-TS1.03c9ff20-0795-4bd1-8be1-3d7fcd15b7e9,TCGA-13-0887,1,sensitive
TCGA-13-0804-01A-01-TS1.b9fae803-f9dd-47ee-8417-3f7af1bbf123,TCGA-13-0804,1,sensitive
TCGA-04-1370-01A-01-TS1.db572647-8f5f-4794-8bdb-a67bdc207516,TCGA-04-1370,1,sensitive
TCGA-13-0764-01A-02-BS2.eb6a95ae-2834-424c-b6a4-c37571313f45,TCGA-13-0764,1,sensitive
TCGA-13-0791-02A-01-BS1.7e3a57cb-8a60-402b-aafa-845d327e89d7,TCGA-13-0791,1,sensitive
TCGA-13-0714-01A-01-BS1.26bf9350-7b7e-441a-ab21-86861194cb19,TCGA-13-0714,0,resistant
TCGA-04-1331-01A-01-BS1.27aaf831-a80b-4a55-a239-3a24caca9c28,TCGA-04-1331,1,sensitive
TCGA-04-1347-01A-01-BS1.f281f888-c433-4fa6-8957-3ace3e9e4f6c,TCGA-04-1347,1,sensitive
TCGA-09-2053-01C-01-BS1.fd41b083-8281-4f38-8b5a-e9b7ee750d65,TCGA-09-2053,1,sensitive
TCGA-09-2050-01A-01-TS1.e53d7602-1bb1-430a-9e16-fa667438063d,TCGA-09-2050,1,sensitive
TCGA-09-1675-01B-01-BS1.4759f445-41ca-4ca0-bbca-e70ac0a5173f,TCGA-09-1675,1,sensitive
TCGA-13-0805-01A-01-TS1.6d73c8e0-390c-4712-b959-502d98c2aba2,TCGA-13-0805,0,resistant
TCGA-13-0890-01A-01-BS1.6433d874-5a87-4965-9072-6cd85d3ab811,TCGA-13-0890,1,sensitive
TCGA-04-1341-01A-01-TS1.c8420eb8-4f42-4b9a-a00e-2e18e43303f8,TCGA-04-1341,0,resistant
TCGA-04-1517-01A-01-TS1.44419f12-78c0-405f-af43-289460beb5f8,TCGA-04-1517,1,sensitive
TCGA-13-0897-01A-01-BS1.dcac13fe-5762-4440-8ef6-f20f7add987c,TCGA-13-0897,1,sensitive
TCGA-10-0930-01A-01-TS1.3ec1ee42-18e6-4a31-96de-f5852709af5b,TCGA-10-0930,1,sensitive
TCGA-13-0923-01A-01-TS1.d9d2ce88-c392-4e1a-abfc-ac656d4d2ed1,TCGA-13-0923,1,sensitive
TCGA-13-1408-01A-01-TS1.8ba1c97e-931d-4dab-8ee6-438648815551,TCGA-13-1408,1,sensitive
TCGA-13-0885-01A-01-BS1.5245b3d4-1105-40ba-aa2a-8f093459f125,TCGA-13-0885,1,sensitive
TCGA-04-1356-01A-01-BS1.5269e379-7422-4dfd-87fe-65f585209d21,TCGA-04-1356,0,resistant
TCGA-13-0727-01A-01-BS1.aeb63964-0616-4be1-9203-91ea1c0794d4,TCGA-13-0727,1,sensitive
TCGA-04-1519-01A-01-TS1.46c38c26-c736-4338-8989-5442872dd89b,TCGA-04-1519,0,resistant
TCGA-13-0916-01A-01-TS1.af6a32f4-c8f5-42fb-aaed-6d40c9076a1e,TCGA-13-0916,1,sensitive
TCGA-09-0369-01A-01-BS1.98dcd946-275e-4aab-ba34-62443d4dfc1c,TCGA-09-0369,1,sensitive
TCGA-13-0766-01A-01-BS1.50c7234c-9da1-4c26-8ef8-137c0c0c07e8,TCGA-13-0766,1,sensitive
TCGA-13-1407-01A-01-TS1.a6dbdc72-d387-4fc3-a469-57ea6084908b,TCGA-13-1407,1,sensitive
TCGA-04-1348-01A-01-BS1.06d57b7b-b6c9-49ae-86a9-9a28de14443d,TCGA-04-1348,1,sensitive
TCGA-04-1364-01A-01-BS1.d155a2aa-3dd7-4418-9c71-d6529df0f381,TCGA-04-1364,1,sensitive
TCGA-09-2051-01A-01-TS1.09cb2b86-223c-4012-aea0-0fb939abfd46,TCGA-09-2051,1,sensitive
TCGA-04-1651-01A-01-TS1.246daec2-ff44-40f4-a856-89da1f342016,TCGA-04-1651,1,sensitive
TCGA-13-0723-01A-02-BS2.7a09ee51-aa44-4df6-88fc-6396453e3fd2,TCGA-13-0723,1,sensitive
TCGA-13-0725-01A-01-BS1.6cd2a2f7-689b-4674-a98e-a7ab00beaa84,TCGA-13-0725,1,sensitive
TCGA-13-0797-01A-01-TS1.f73bb3f4-9dac-462a-bbb7-feec138ebf1d,TCGA-13-0797,1,sensitive
TCGA-10-0931-11A-01-BS1.c669b00e-ae1d-4186-924e-2e8ff2643be9,TCGA-10-0931,1,sensitive
TCGA-04-1338-01A-01-BS1.7f2ab5c1-f165-468c-a413-b45b4059bb6f,TCGA-04-1338,1,sensitive
TCGA-04-1349-01A-01-TS1.acb74f2f-8270-45d9-90e6-f2032d17b4c9,TCGA-04-1349,1,sensitive
TCGA-04-1332-01A-01-TS1.7d1ae336-5e74-4d12-9048-04d036f8c676,TCGA-04-1332,1,sensitive
TCGA-13-0924-01A-01-TS1.c61ffb1a-c4d3-463d-93ec-1ea5bb9ace24,TCGA-13-0924,1,sensitive
TCGA-09-1668-01B-01-BS1.299ef5ea-edf2-4a0e-81b2-b8c28d985121,TCGA-09-1668,1,sensitive
TCGA-13-0913-01A-01-TS1.4ad93ffb-b838-4555-a664-fb3e41923260,TCGA-13-0913,1,sensitive
TCGA-09-2045-01A-01-TS1.0abe6ecb-c4ba-492f-939f-9dfa84b0af35,TCGA-09-2045,1,sensitive
TCGA-13-0768-01A-01-TS1.209a6162-13a3-4fd1-8395-83488491ab9b,TCGA-13-0768,1,sensitive
TCGA-04-1542-01A-01-TS1.962fd94a-59f6-49c3-8354-79631e5e19f8,TCGA-04-1542,1,sensitive
TCGA-04-1365-01A-01-TS1.136edbd4-a232-411e-9795-7ab0bd785b14,TCGA-04-1365,1,sensitive
TCGA-13-0901-01B-01-BS1.a01b26f4-7a4c-4529-a400-e6ad62f1a956,TCGA-13-0901,1,sensitive
TCGA-04-1536-01A-01-TS1.08041de2-b6e7-434e-af1a-d616e2e6bf36,TCGA-04-1536,1,sensitive
TCGA-04-1652-01A-01-BS1.fb25d8c5-3ac6-4783-a946-af40e87e504c,TCGA-04-1652,1,sensitive
TCGA-13-0904-01A-01-BS1.f9882636-0c4c-43e7-ad19-d536b59cdc7a,TCGA-13-0904,1,sensitive
TCGA-09-2055-01B-01-BS1.69cd0762-51b1-4f52-832c-7d101500018f,TCGA-09-2055,1,sensitive
TCGA-09-2044-01B-01-TS1.e382e900-de5f-4cf6-87b9-afa4aebea4b4,TCGA-09-2044,1,sensitive
TCGA-09-1665-01B-01-BS1.5a6cb79c-8270-4d29-89f5-ccf0a2192634,TCGA-09-1665,1,sensitive
TCGA-13-0751-01A-01-BS1.e6036b54-4f2d-4fa4-b847-159cf93a6481,TCGA-13-0751,1,sensitive
TCGA-04-1353-01A-01-TS1.bdfdb71c-6e79-42c6-a880-ba3c223cde4d,TCGA-04-1353,0,resistant
TCGA-13-0899-01A-01-TS1.2685cda5-6261-4f47-b643-cbb7d9a70dd6,TCGA-13-0899,1,sensitive
TCGA-10-0937-01A-01-BS1.37919e58-3142-472b-8dc2-f55a22a976ce,TCGA-10-0937,1,sensitive
TCGA-10-0926-01A-01-BS1.6cd77de1-2a80-486a-a9dc-aedf82c0921d,TCGA-10-0926,1,sensitive
TCGA-09-1673-01A-01-BS1.6984ccd0-0e27-4549-98fe-c8b864b7c087,TCGA-09-1673,0,resistant
TCGA-09-1669-01A-01-TS1.389e7206-51cf-433f-937e-dab344cbc88a,TCGA-09-1669,1,sensitive
TCGA-13-0883-01A-01-BS1.a00b3891-5c61-43b1-a0d3-9857ac0d942a,TCGA-13-0883,1,sensitive
TCGA-13-0900-01B-01-BS1.a7ab33bd-827e-4ab7-b7c5-7163a3518e93,TCGA-13-0900,1,sensitive
TCGA-09-1672-01A-01-TS1.487d9b50-0496-4252-b80d-3849cf769fb5,TCGA-09-1672,0,resistant
TCGA-13-1409-01A-01-TS1.4226415a-3f9d-4a34-b017-1af964c8be5a,TCGA-13-1409,1,sensitive
TCGA-04-1351-01A-01-TS1.22068141-7bbe-4f0e-9b33-0856a213e4a0,TCGA-04-1351,1,sensitive
TCGA-13-0919-01A-01-TS1.3e391512-1c28-4566-badd-6fa329771dac,TCGA-13-0919,1,sensitive
TCGA-13-0765-01A-01-TS1.9d588c3d-dc12-4984-a9d6-c5d048ab5f47,TCGA-13-0765,1,sensitive
TCGA-13-0903-01A-01-TS1.d9ac6de0-abdb-4688-8575-f65dc38eb933,TCGA-13-0903,1,sensitive
TCGA-09-0365-01A-01-BS1.986f3321-713d-4c9c-9910-fa3d521060ce,TCGA-09-0365,1,sensitive
TCGA-13-0891-01A-01-TS1.720d6bab-786c-4ec2-a692-c70414ced567,TCGA-13-0891,1,sensitive
TCGA-13-0799-01A-01-BS1.663bb922-1c7a-4eda-a538-20aac42e3e19,TCGA-13-0799,1,sensitive
TCGA-13-0893-01B-01-TS1.c090cde5-476a-4ba5-a3eb-9ed8e0a04085,TCGA-13-0893,1,sensitive
TCGA-13-0912-01A-01-TS1.736e083a-e666-4cd2-a6ea-81488dee1f63,TCGA-13-0912,1,sensitive
TCGA-13-0894-01B-01-TS1.8e814284-4815-4e1b-a811-c2f41aaab591,TCGA-13-0894,1,sensitive
TCGA-13-1405-01A-01-BS1.75a754e9-5c31-4b53-b8a9-fe6deec738ab,TCGA-13-1405,1,sensitive
TCGA-13-0724-01A-01-TS1.bb70ca78-9511-406f-b555-917d69bbdddf,TCGA-13-0724,0,resistant
TCGA-04-1654-01A-01-BS1.f232c15b-e101-4cce-b78b-a224f6a9625f,TCGA-04-1654,1,sensitive
